{
    "timestamp": "2025-11-06 12:31:50",
    "udp_mbps": 708.1239473441855,
    "udp_pps": 86440.91154103827,
    "tcp_mbps": 0.0,
    "tcp_pps": 0.0,
    "cpu_avg_percent": 0.0,
    "mem_avg_mb": 32.09765625
}