{
    "timestamp": "2025-10-28 12:40:17",
    "udp_mbps": 1059.348422912833,
    "udp_pps": 129314.99303135168,
    "tcp_mbps": 0.12977472640436252,
    "tcp_pps": 15.841641406782534,
    "cpu_avg_percent": 1.56,
    "mem_avg_mb": 26.265625
}