{
    "timestamp": "2025-10-28 12:41:34",
    "udp_mbps": 595.7966488469037,
    "udp_pps": 72729.0831111943,
    "tcp_mbps": 0.3472696815131732,
    "tcp_pps": 42.39131854408853,
    "cpu_avg_percent": 15.580000000000002,
    "mem_avg_mb": 26.34375
}