{
    "timestamp": "2025-11-06 12:34:05",
    "udp_mbps": 1133.3121045701141,
    "udp_pps": 138343.7627649065,
    "tcp_mbps": 0.0,
    "tcp_pps": 0.0,
    "cpu_avg_percent": 3.12,
    "mem_avg_mb": 34.046875
}