{
    "timestamp": "2025-10-28 12:35:08",
    "udp_mbps": 1080.2070386922996,
    "udp_pps": 131861.2107778686,
    "tcp_mbps": 0.30884677275826095,
    "tcp_pps": 37.7010220652174,
    "cpu_avg_percent": 14.02,
    "mem_avg_mb": 26.6015625
}